column,type,source,description,how_derived
plot_id,string,plot,Unique plot ID,as-is
region,categorical,plot/weather/prices,Ethiopian region,label cleaned
crop_type,categorical,plot/prices,Crop,label cleaned
survey_year,int,plot,2021–2024,as-is
planting_month,cat,plot,Month planted,as-is
planting_month_num,int,derived,1–12,mapped from planting_month
altitude_m,num,plot,Elevation,capped 99pct
rainfall_mm_season,num,plot,Self-reported rainfall,NaN + capped
farm_size_ha,num,plot,Farm size,capped 99pct
fertilizer_kg_per_ha,num,plot,Fertilizer,NaN + capped
improved_seed_used,binary,plot,0/1,as-is
pest_disease_flag,binary,plot,0/1,-999→NaN
soil_quality_index,num,plot,0–1,NaN
labor_days_per_ha,num,plot,Days,NaN + capped
distance_to_market_km,num,plot,km,capped 99pct
yield_tons_per_ha,num,plot,Target,train only
season_mean_temp,num,weather,Season mean temp,aggregate
season_total_rain,num,weather,Season rain,aggregate
season_extreme_heat,num,weather,Heat days,aggregate
season_months_count,int,weather,Months matched,count
region_year_temp,num,weather,Region-year temp,groupby
region_year_rain,num,weather,Region-year rain,groupby
temp_dev,num,derived,season - region-year temp,engineered
rain_dev,num,derived,season - region-year rain,engineered
fert_x_seed,num,derived,fert × seed,engineered
