file,columns,issue_type,rows_affected,pct,fix,why
plot,region,label inconsistency,~19 distinct spellings,100%,Standardized to 5 labels via clean_region(),Required by A2 and joins
plot,crop_type,label inconsistency,~21 distinct spellings,100%,Standardized to 5 labels via clean_crop(),Required by A2 and joins
plot,pest_disease_flag,sentinel -999,300,<1%,Replaced with NaN,Sentinel is not a valid 0/1 flag
plot,"rainfall_mm_season, fertilizer_kg_per_ha, soil_quality_index, labor_days_per_ha",missing values,2293,~15%,Imputed later in pipeline with train median,"Cannot drop rows, must predict every plot"
plot,"farm_size_ha, fertilizer_kg_per_ha, distance_to_market_km, rainfall_mm_season, altitude_m, labor_days_per_ha",extreme / impossible values,~1% per column,~1%,Capped at 99th percentile learned from train only,Rule 6 — no test leakage
weather,region,abbreviated labels (AMH/ORO/SNNP/SOM/TIG),40,17%,Mapped to full names,Join key must match plot table
weather,"duplicate rows (region, year, month)",duplicate keys,6,2.6%,Kept first occurrence,Join must be many-to-one
weather,"avg_temp_c, monthly_rainfall_mm, extreme_heat_days",missing / non-numeric,0,0%,Coerced to numeric; NaN kept for later imputation,Robust to any sentinel format
prices,crop_type,label inconsistency,~14 distinct spellings,100%,Standardized to 5 labels,Must match plot table for revenue analysis
prices,price_birr_per_quintal,unit mix-up (some rows ~10x or ~100x),0,0%,"Investigated; left unchanged (used only in analysis/demo, not model)",Rule 5 — price is not a model feature
