plot_id,region,year,month_num,avg_temp_c_x,monthly_rainfall_mm_x,extreme_heat_days_x,avg_temp_c_y,monthly_rainfall_mm_y,extreme_heat_days_y
PLOT-000339,Oromia,2024,8,19.1,185.1,0.0,19.1,185.1,0.0
PLOT-000339,Oromia,2024,9,15.1,,0.0,15.1,,0.0
PLOT-000339,Oromia,2024,10,,,,,,
PLOT-000339,Oromia,2024,11,19.4,20.8,0.0,19.4,20.8,0.0
PLOT-007457,Amhara,2023,6,17.0,118.5,0.0,17.0,118.5,0.0
PLOT-007457,Amhara,2023,7,14.9,244.6,0.0,14.9,244.6,0.0
PLOT-007457,Amhara,2023,8,14.5,192.8,0.0,14.5,192.8,0.0
PLOT-007457,Amhara,2023,9,14.4,153.5,0.0,14.4,153.5,0.0
PLOT-006092,Oromia,2024,2,18.2,78.5,0.0,18.2,78.5,0.0
PLOT-006092,Oromia,2024,3,20.1,92.5,0.0,20.1,92.5,0.0
PLOT-006092,Oromia,2024,4,20.2,55.8,0.0,20.2,55.8,0.0
PLOT-006092,Oromia,2024,5,18.3,68.1,0.0,18.3,68.1,0.0
