feature,importance
crop_type,0.808395184463512
season_mean_temp,0.6352276352966079
altitude_m,0.5871803134687754
soil_quality_index,0.0921340420091892
fert_x_seed,0.07844341367331265
fertilizer_kg_per_ha,0.04333571371891802
rainfall_mm_season,0.016307616242657752
labor_days_per_ha,0.004831682336452569
season_extreme_heat,0.0012652296389735972
planting_month_num,7.055274885365836e-05
season_months_count,3.751622133636445e-05
temp_dev,-0.00013270860097669424
season_total_rain,-0.00016374341145601877
distance_to_market_km,-0.00017112595475585746
region,-0.00040655149333612695
rain_dev,-0.0005065059763626145
farm_size_ha,-0.000818646554010205
