region,crop_type,mean_yield
Amhara,barley,3.1872352983295413
Amhara,maize,3.8286756917841878
Amhara,sorghum,2.4949578275714384
Amhara,teff,2.4792834128997026
Amhara,wheat,3.5983167080857603
Oromia,barley,2.6754862633021856
Oromia,maize,4.44971967631292
Oromia,sorghum,2.955249880760764
Oromia,teff,2.287695600203894
Oromia,wheat,3.120391916929567
SNNPR,barley,2.288703935284453
SNNPR,maize,4.796696586484812
SNNPR,sorghum,3.106323445167685
SNNPR,teff,2.1035768534794643
SNNPR,wheat,2.668242184962849
Somali,barley,1.1229396276454977
Somali,maize,2.3199504956911654
Somali,sorghum,1.7930920401972552
Somali,teff,0.8308593654843399
Somali,wheat,1.2814717906032056
Tigray,barley,3.010257383985087
Tigray,maize,4.073929812116393
Tigray,sorghum,2.709184779218067
Tigray,teff,2.332126152397347
Tigray,wheat,3.4627733441382658
