region,year,month,avg_temp_c,monthly_rainfall_mm,extreme_heat_days
Oromia,2024,2,18.2,78.5,0
Amhara,2021,9,15.1,271.9,0
Tigray,2023,5,17.8,63.1,0
Somali,2024,4,29.2,14.8,12
Oromia,2022,12,20.3,26.1,0
Tigray,2024,11,20.4,11.3,0
Amhara,2024,10,15.9,17.2,0
Amhara,2022,3,19.8,67.5,0
Amhara,2024,5,18.2,44.9,0
Somali,2021,5,30.5,29.1,20
Amhara,2021,7,16.7,214.6,0
SNNPR,2023,10,19.7,26.6,0
Tigray,2022,11,17.9,21.7,0
Somali,2022,6,25.5,58.2,7
Amhara,2022,4,19.7,46.5,0
Tigray,2022,10,17.5,15.3,0
Tigray,2021,1,18.5,38.4,0
Tigray,2024,2,22.0,49.7,1
Somali,2022,10,27.4,11.9,8
Tigray,2024,4,20.8,53.6,0
Somali,2023,3,30.3,32.8,20
Oromia,2021,4,20.8,60.7,0
Amhara,2021,10,18.5,25.9,1
SNNPR,2024,3,22.3,81.4,0
SNNPR,2024,4,21.7,120.4,0
Oromia,2023,4,20.4,90.1,0
SNNPR,2022,11,20.9,29.5,0
Somali,2024,2,31.0,15.3,18
Amhara,2021,8,15.7,285.8,0
Oromia,2021,10,21.4,14.4,0
SNNPR,2023,9,20.2,139.5,0
SNNPR,2024,2,20.2,96.5,0
Amhara,2022,5,19.1,52.9,0
SNNPR,2021,5,22.1,113.4,0
Oromia,2021,12,19.6,12.9,0
Oromia,2023,7,16.9,197.9,0
SNNPR,2022,1,20.0,23.7,0
Somali,2022,2,27.0,37.7,4
Oromia,2024,7,17.0,205.7,0
Tigray,2022,3,17.5,106.5,0
SNNPR,2023,2,21.0,109.1,0
Oromia,2023,11,18.1,24.0,0
Amhara,2022,6,16.4,128.7,0
Tigray,2022,9,15.4,154.5,0
Somali,2023,12,28.8,5.4,13
Oromia,2021,3,20.2,48.2,0
Oromia,2022,4,20.9,96.4,0
Oromia,2022,6,18.2,265.8,0
SNNPR,2024,6,18.4,178.6,0
Somali,2024,3,32.0,20.6,21
Oromia,2021,1,20.3,20.1,0
SNNPR,2022,10,20.5,27.4,0
Oromia,2023,3,20.4,71.7,0
Oromia,2022,11,19.3,17.4,0
Somali,2022,5,27.8,22.1,13
Somali,2021,3,31.3,29.3,22
Somali,2021,12,30.5,8.2,12
SNNPR,2021,11,22.3,24.0,0
SNNPR,2023,11,19.1,29.8,0
SNNPR,2024,11,20.7,20.7,0
Tigray,2024,12,20.0,6.8,0
Somali,2022,3,27.2,37.1,13
Oromia,2022,10,20.9,,0
SNNPR,2021,9,21.5,207.0,0
Somali,2021,1,29.3,6.2,12
Somali,2022,8,25.1,66.0,2
Amhara,2021,1,17.3,31.6,1
Amhara,2023,2,15.3,68.6,0
Tigray,2024,10,21.1,10.7,0
Oromia,2023,8,17.4,247.8,0
Tigray,2024,7,19.4,85.0,0
Tigray,2021,11,18.1,27.5,0
Amhara,2021,11,18.5,38.1,0
Amhara,2024,8,16.7,69.3,0
SNNPR,2021,12,21.4,21.8,0
Amhara,2022,2,19.6,62.5,0
Amhara,2023,10,16.3,17.8,0
Oromia,2024,8,19.1,185.1,0
Amhara,2021,12,16.9,35.7,0
Somali,2024,11,28.8,5.8,16
Somali,2022,1,26.5,9.7,5
Somali,2024,12,29.4,3.0,15
Somali,2021,8,29.5,48.9,19
Amhara,2023,6,17.0,118.5,0
Tigray,2021,8,17.2,186.7,0
SNNPR,2023,8,18.1,180.2,0
Tigray,2022,12,17.6,32.8,0
Somali,2024,5,29.7,16.7,12
Oromia,2023,10,18.8,19.7,0
Oromia,2022,5,20.5,73.2,0
SNNPR,2021,8,19.8,218.9,0
Tigray,2023,4,19.1,66.2,0
Tigray,2022,1,18.6,15.5,0
SNNPR,2021,4,21.6,71.8,0
Tigray,2022,4,18.0,109.5,0
Amhara,2022,11,19.5,28.8,0
Tigray,2023,12,19.2,10.8,0
Oromia,2024,1,18.6,29.9,0
Amhara,2021,6,15.1,151.8,1
SNNPR,2021,7,20.7,282.8,0
Somali,2021,6,28.8,36.5,18
Tigray,2023,9,14.1,91.6,0
Tigray,2023,7,15.4,128.2,1
Tigray,2024,5,21.7,30.7,0
Oromia,2023,6,16.4,124.7,0
SNNPR,2022,6,18.7,209.1,0
Somali,2022,12,27.0,4.9,13
Oromia,2021,5,20.6,48.2,0
Oromia,2022,2,20.8,86.9,0
Tigray,2023,6,14.9,120.2,0
SNNPR,2023,4,20.5,106.9,1
Amhara,2022,9,17.6,120.7,0
Amhara,2021,4,18.5,102.2,0
Amhara,2022,7,17.9,113.1,0
Oromia,2021,11,19.1,18.6,0
Amhara,2024,9,15.6,141.8,0
Amhara,2024,7,15.4,123.7,0
SNNPR,2024,10,20.1,21.5,0
Tigray,2022,2,18.9,70.6,0
SNNPR,2021,3,24.1,102.0,8
Somali,2023,2,29.3,38.1,11
Somali,2023,4,29.6,25.2,14
Oromia,2021,6,17.2,165.3,0
Tigray,2021,12,18.9,29.2,0
Somali,2023,8,27.8,56.1,12
Oromia,2024,5,18.3,68.1,0
Somali,2024,10,28.3,3.9,10
Amhara,2022,1,19.8,13.9,0
SNNPR,2022,2,20.7,74.6,0
Tigray,2022,7,16.5,90.4,0
Oromia,2021,7,17.8,111.9,1
Somali,2023,5,28.8,33.4,16
Tigray,2021,3,18.2,112.0,0
SNNPR,2022,9,17.9,114.2,0
SNNPR,2022,4,22.0,105.2,0
Tigray,2021,5,18.6,112.6,0
Tigray,2023,8,17.1,114.8,0
Somali,2023,10,29.2,9.9,15
SNNPR,2021,10,21.7,27.8,0
Tigray,2021,7,14.9,153.8,0
Oromia,2023,9,18.3,141.8,0
SNNPR,2023,6,18.2,276.4,0
SNNPR,2023,7,18.1,169.8,0
Somali,2023,9,27.8,66.3,13
Oromia,2024,4,20.2,55.8,0
Somali,2023,1,29.9,12.9,12
Somali,2024,8,26.4,44.4,12
Amhara,2021,5,17.7,78.8,0
Amhara,2024,6,15.7,133.5,0
Tigray,2023,11,16.9,11.9,0
Tigray,2024,3,20.9,64.4,0
Amhara,2023,8,14.5,192.8,0
SNNPR,2023,12,20.1,18.1,0
SNNPR,2022,3,22.0,91.8,1
Somali,2023,7,28.2,84.3,16
Oromia,2021,9,18.2,147.1,0
Oromia,2024,6,17.3,157.8,1
SNNPR,2022,8,18.4,227.2,1
Amhara,2021,2,17.0,77.4,0
Somali,2021,9,29.3,46.7,13
Amhara,2021,3,17.1,114.4,0
Oromia,2022,8,18.5,211.8,0
Oromia,2024,9,15.1,,0
Oromia,2022,7,19.2,120.1,0
Amhara,2024,12,,12.1,0
SNNPR,2023,5,21.9,123.6,0
Oromia,2022,9,19.0,167.6,0
Amhara,2023,11,16.0,21.4,0
Somali,2024,1,29.3,6.6,10
Somali,2022,7,25.5,47.7,4
Amhara,2023,5,15.9,54.3,0
Amhara,2023,1,17.4,15.9,0
SNNPR,2024,12,20.6,25.7,0
SNNPR,2024,7,19.4,133.4,0
Oromia,2021,2,19.2,61.6,0
Tigray,2024,8,19.6,110.5,0
Somali,2024,9,28.2,33.3,8
SNNPR,2024,9,18.9,266.7,0
Somali,2021,7,28.8,54.7,12
Tigray,2023,10,17.0,17.5,0
Somali,2022,4,27.7,27.0,11
Tigray,2021,2,18.9,99.1,0
Oromia,2021,8,17.6,121.5,0
Tigray,2021,6,17.3,141.4,0
Oromia,2024,11,19.4,20.8,0
Oromia,2023,5,19.9,72.5,0
Somali,2021,4,31.1,39.8,14
SNNPR,2022,5,21.2,55.5,0
Amhara,2024,11,16.1,19.6,0
Somali,2022,9,23.1,81.6,3
Tigray,2022,8,14.2,133.8,0
Oromia,2023,1,19.3,24.1,0
SNNPR,2021,6,18.5,203.7,0
Amhara,2024,1,17.6,15.4,0
Somali,2023,11,29.9,6.9,13
Somali,2021,11,30.7,8.2,26
SNNPR,2023,1,20.3,26.9,0
Tigray,2024,1,19.8,11.2,0
Amhara,2023,3,16.5,57.4,0
Amhara,2022,12,18.6,14.3,0
Tigray,2021,10,17.9,30.1,0
Tigray,2022,5,17.1,66.2,0
Oromia,2024,3,20.1,92.5,0
Amhara,2023,7,14.9,244.6,0
SNNPR,2024,5,21.5,77.0,0
Tigray,2021,4,19.3,131.9,0
Oromia,2023,12,19.0,15.0,0
SNNPR,2024,8,17.4,124.3,0
SNNPR,2024,1,21.2,21.6,1
Oromia,2024,12,17.7,13.2,0
Tigray,2023,1,17.0,10.7,0
Tigray,2024,6,18.2,110.3,0
SNNPR,2021,2,23.4,63.3,4
SNNPR,2022,7,17.8,148.8,0
Oromia,2023,2,19.7,73.2,0
Amhara,2024,4,18.2,38.3,0
Amhara,2023,4,15.6,49.5,0
Tigray,2023,3,18.6,55.7,0
Amhara,2023,9,14.4,153.5,0
Oromia,2022,3,20.9,97.5,0
Somali,2021,2,31.8,17.3,19
Amhara,2024,3,16.9,79.8,0
SNNPR,2021,1,23.5,30.4,6
Amhara,2024,2,19.1,65.3,0
Somali,2021,10,31.1,12.1,21
Tigray,2022,6,14.3,193.0,0
